{
  "accuracy": 0.98,
  "final_loss": 0.085784850291343,
  "loss_history": [
    0.6170674579305186,
    0.38511029032030697,
    0.281743413779606,
    0.2172123821075196,
    0.17706183519720783,
    0.15117308626698656,
    0.13327072926240197,
    0.12018778954093608,
    0.1101925132182511,
    0.102252517763714,
    0.09576858559724913,
    0.09035986145288592
  ]
}