feature,coefficient
smoker_Yes,-0.281183929283451
day_Thur,-0.2202907652480383
size,0.20657644473040024
time_Lunch,0.18548302462464294
day_Sat,-0.14293401193015276
day_Sun,-0.11021876483035646
total_bill,0.10055457624897879
sex_Male,0.027542581562940784
