month,drift_level,drifted_features,mean_numeric_psi,domain_auc
1,0.0,0,0.00668,0.50665
2,0.05,0,0.00988,0.50437
3,0.12,0,0.01676,0.56869
4,0.22,1,0.03851,0.61111
5,0.38,2,0.094,0.70437
6,0.6,4,0.22594,0.79928
