{
  "image_shape": [
    96,
    96,
    3
  ],
  "regions": [
    [
      [
        17,
        80
      ],
      [
        17,
        80
      ]
    ],
    [
      [
        29,
        39
      ],
      [
        29,
        41
      ]
    ],
    [
      [
        29,
        39
      ],
      [
        55,
        67
      ]
    ],
    [
      [
        61,
        68
      ],
      [
        37,
        59
      ]
    ]
  ],
  "features": {
    "brightness": 0.20418836805555554,
    "contrast": 0.3116701022403976,
    "edge_density": 0.07942708333333333,
    "red_ratio": 1.3165225451929488
  }
}