feature,coefficient
s1,-931.4888458835168
s5,736.1988589046838
bmi,542.4287585162903
s2,518.0622769833373
bp,347.7038439138566
s4,275.317901578649
sex,-241.96436231273992
s3,163.41998299131103
s6,48.67065743196506
age,37.90402135007459
