algorithm,mean,std,min,max
CMA_ES,3.506958,4.08291,1.057051,8.220266
GeneticAlgorithm,2.984937,0.994935,1.990023,3.979894
PSO,1.658507,0.574648,0.994961,1.990328
