algorithm,seed,best_value,distance_to_zero
GeneticAlgorithm,21,2.984895234049951,1.723406475663741
GeneticAlgorithm,42,3.9798938801427397,1.9897777692119822
GeneticAlgorithm,84,1.9900230053095243,1.406679289399237
CMA_ES,21,1.2435559109850658,0.9831865902437007
CMA_ES,42,8.220266109831051,1.4330578138513907
CMA_ES,84,1.057050700482435,1.0030117403404541
PSO,21,1.9903283166564378,1.4070307233239703
PSO,42,0.9949607070024413,0.9949369197428901
PSO,84,1.9902324808574434,1.4073118062303773
